id,Name,titleProject_id,class,score,login,password
0,Сербин Геннадий Михаилович,7,8в,2,Сербин_ГМ,Op2T0AWX
1,Папандина Клавдия Яковлевна,304,9в,5,Папандина_КЯ,mvpZmKkz
2,Белагина Галина Андреевна,396,9а,4,Белагина_ГА,ThXhaed6
3,Кижняева Анна Леонидовна,178,7и,2,Кижняева_АЛ,wpvIgYwk
4,Цывин Олег Яковлевич,446,7т,2,Цывин_ОЯ,u4reBCjU
5,Жидняева Ксения Эдуардовна,373,7х,4,Жидняева_КЭ,sP8dITfI
6,Липковский Анатолий Иванович,144,10а,2,Липковский_АИ,131KH7Zy
7,Меднова Наталья Богдановна,290,7и,5,Меднова_НБ,82ryE2cV
8,Житихин Вячеслав Романович,141,9а,5,Житихин_ВР,tdQqC4mj
9,Шеврина Полина Максимовна,33,11а,5,Шеврина_ПМ,r1Jykhu9
10,Алпеев Валентин Данилович,323,8а,2,Алпеев_ВД,rRYmBHeh
11,Золикова Клара Игоревна,364,10х,2,Золикова_КИ,Tn55WHJX
12,Дориков Дмитрий Петрович,296,10г,5,Дориков_ДП,H4LgSbZp
13,Корабышев Кирилл Михаилович,302,8и,5,Корабышев_КМ,Fui4Tpvf
14,Ростовиков Константин Николаевич,336,10а,2,Ростовиков_КН,3yX5Zb5u
15,Нехаев Дмитрий Фёдорович,129,7х,4,Нехаев_ДФ,CTec4Gl2
16,Зызлова Мария Николаевна,430,8г,3,Зызлова_МН,QCxvHbXM
17,Королупов Валерий Тимофеевич,397,10д,5,Королупов_ВТ,hFKTiWxp
18,Стенцов Евгений Яковлевич,315,8и,4,Стенцов_ЕЯ,kOHzfFSu
19,Феклисов Константин Виталиевич,270,9т,None,Феклисов_КВ,wohVReDS
20,Синелев Руслан Тимофеевич,300,8и,2,Синелев_РТ,JQTPk8DL
21,Опевалова Вера Евгеньевна,473,9д,5,Опевалова_ВЕ,zaAjAXcD
22,Назерова Вероника Василевна,206,7б,5,Назерова_ВВ,RzCQ7vV2
23,Дименская Светлана Дмитриевна,387,9д,5,Дименская_СД,qvYMIdyy
24,Ковторева Раиса Василевна,482,9и,2,Ковторева_РВ,pBQGXRv5
25,Кулишнин Вячеслав Яковлевич,386,11х,5,Кулишнин_ВЯ,mJ7FcCof
26,Лексин Кирилл Антонович,139,7в,5,Лексин_КА,MTZ6FOEj
27,Лаковский Григорий Василиевич,240,7д,5,Лаковский_ГВ,jkdzEQAV
28,Барамыкова Александра Алексеевна,106,10а,3,Барамыкова_АА,CewQXj1i
29,Плясулина Оксана Андреевна,346,8х,2,Плясулина_ОА,so5TrWCV
30,Петрикеев Станислав Яковлевич,14,7и,4,Петрикеев_СЯ,3f1U23YF
31,Моторыгин Илья Георгиевич,238,10и,5,Моторыгин_ИГ,uUzBKwWT
32,Рыков Тарас Павлович,174,10и,5,Рыков_ТП,BKp2sq3O
33,Иончикова Елизавета Егоровна,169,8д,5,Иончикова_ЕЕ,SXGkOkiC
34,Смолькина Алиса Егоровна,441,7г,5,Смолькина_АЕ,kblepuff
35,Оболенин Герасим Павлович,472,7и,4,Оболенин_ГП,M2xd8WOp
36,Трощинский Георгий Борисович,67,9д,3,Трощинский_ГБ,FAL8KH5J
37,Поддубская Лиза Игоревна,496,10а,4,Поддубская_ЛИ,2wtsUhSL
38,Телькова Валерия Олеговна,335,7х,4,Телькова_ВО,XkwbClUq
39,Чигварина Александра Алексеевна,428,10б,2,Чигварина_АА,xSETntAL
40,Киреевский Артур Игоревич,119,7в,3,Киреевский_АИ,SU7Cv2PT
41,Шумейкин Роман Павлович,420,8в,5,Шумейкин_РП,alPqVlhg
42,Трушинов Максим Алексиевич,82,8и,4,Трушинов_МА,IgsBHfGL
43,Голюков Денис Сергеевич,62,11б,4,Голюков_ДС,8YsEOZXt
44,Хлиманкова Надежда Валерьевна,461,10б,3,Хлиманкова_НВ,f2NodUvM
45,Кулаженков Алексей Олегович,367,10в,2,Кулаженков_АО,I2YDm96J
46,Бутукин Владимир Адамович,221,7х,5,Бутукин_ВА,VE6BVt9E
47,Поддуев Леонид Олегович,149,9х,4,Поддуев_ЛО,Tt4x3lOv
48,Ревцев Василий Павлович,360,9х,5,Ревцев_ВП,fujBp3C3
49,Старокожев Артём Юрьевич,46,8д,3,Старокожев_АЮ,1YEJAvMn
50,Светошев Максим Михаилович,321,10х,2,Светошев_ММ,DFrnMttN
51,Старынина Кристина Федоровна,266,9д,3,Старынина_КФ,xULI0KzU
52,Востров Дмитрий Денисович,282,9г,3,Востров_ДД,wotg91qA
53,Бураханова Анастасия Леонидовна,16,8г,2,Бураханова_АЛ,d01hgeZI
54,Понизов Виктор Кириллович,214,11и,5,Понизов_ВК,NWqRX6yJ
55,Суздалев Валерий Алексеевич,66,11т,5,Суздалев_ВА,hTWIN0kL
56,Колендин Дмитрий Алексеевич,153,10в,4,Колендин_ДА,YjV1imlN
57,Сулькова Екатерина Андреевна,325,8и,4,Сулькова_ЕА,0fsVRiIT
58,Аржевитова Надежда Федоровна,242,10в,2,Аржевитова_НФ,VmzTYieb
59,Крассов Валерий Олегович,201,8х,5,Крассов_ВО,Ygd3Icqb
60,Сонураева Инна Андреевна,450,9т,3,Сонураева_ИА,2fEjQJ11
61,Пашин Роман Вадимович,204,10д,2,Пашин_РВ,9ICv14OI
62,Фичкина Евгения Федоровна,29,11д,3,Фичкина_ЕФ,BJ2Kv3ow
63,Свилин Олег Виталиевич,123,8в,2,Свилин_ОВ,a9BmP7fP
64,Рогоцкий Андрей Адамович,142,9в,2,Рогоцкий_АА,E4KxbjgQ
65,Ахантьев Игорь Валериевич,80,10д,5,Ахантьев_ИВ,hgglMOBo
66,Сочиникова Ксения Кирилловна,100,10д,2,Сочиникова_КК,7kS9PpiZ
67,Остюков Артур Романович,329,11и,3,Остюков_АР,6XH97FNw
68,Брюкина Оксана Викторовна,98,8в,5,Брюкина_ОВ,Q97ZFZmM
69,Кузовенков Игорь Юрьевич,322,9г,None,Кузовенков_ИЮ,ldyjLCQK
70,Калухов Тарас Иванович,207,11а,3,Калухов_ТИ,91GxGknm
71,Батыров Пётр Виталиевич,227,7и,3,Батыров_ПВ,bxHPEYSF
72,Озрина Катерина Валерьевна,147,10а,4,Озрина_КВ,YKY0UImp
73,Декалова Полина Леонидовна,470,11д,5,Декалова_ПЛ,uDfZuNXW
74,Лосицкий Владимир Кириллович,369,9т,5,Лосицкий_ВК,uKlmi8mn
75,Магнусов Пётр Максимович,437,7и,5,Магнусов_ПМ,Awi5Z0MZ
76,Лавренков Михаил Василиевич,188,9б,2,Лавренков_МВ,sLgemrvB
77,Шушкалова Вероника Алексеевна,411,8т,5,Шушкалова_ВА,9AFmUWdl
78,Бороданова Маргарита Дмитриевна,118,7г,5,Бороданова_МД,WtIVUAIp
79,Циркина Виолетта Федоровна,231,9г,2,Циркина_ВФ,RShcBZR0
80,Болохина Екатерина Андреевна,194,11д,3,Болохина_ЕА,tyEzjocO
81,Чукалова Дарья Валерьевна,20,10г,4,Чукалова_ДВ,ns6bENED
82,Беловолов Степан Петрович,222,9д,2,Беловолов_СП,uCgd69HG
83,Зудейкина Вероника Ивановна,166,8и,3,Зудейкина_ВИ,fzXwJbo1
84,Макунова Мария Борисовна,47,9в,5,Макунова_МБ,prYYU47o
85,Верзанский Геннадий Андреевич,497,7д,5,Верзанский_ГА,mXN5GaLk
86,Алтубин Ярослав Леонидович,414,10г,5,Алтубин_ЯЛ,PnhxTjq5
87,Аузин Игорь Алексиевич,435,8х,5,Аузин_ИА,kDSDUz8Q
88,Калыгин Степан Тимофеевич,353,8и,2,Калыгин_СТ,oUxFU8iR
89,Дурныгина Полина Игоревна,72,8и,2,Дурныгина_ПИ,NGhw4YjS
90,Антюфеева Александра Вадимовна,347,8и,2,Антюфеева_АВ,tJGaZ2ku
91,Лощинский Борис Романович,210,10б,3,Лощинский_БР,goMsF6BX
92,Ходорков Евгений Виталиевич,344,9г,5,Ходорков_ЕВ,Au5Pn4TK
93,Кафорин Федор Данилович,427,10д,3,Кафорин_ФД,6plGFEBf
94,Косынская Алиса Дмитриевна,40,9в,3,Косынская_АД,EREN8XKn
95,Беремцев Артём Антонович,434,11т,2,Беремцев_АА,Cpyhxziy
96,Влянская Мария Андреевна,490,7т,4,Влянская_МА,s7IyjUQU
97,Мыгеева Лиза Василевна,280,8в,5,Мыгеева_ЛВ,m6WNDe74
98,Акутникова Мария Алексеевна,173,11в,2,Акутникова_МА,Wl0hKSiP
99,Карябкин Константин Максимович,89,7и,2,Карябкин_КМ,4D0qZKkG
100,Прилепина Яна Максимовна,30,10в,5,Прилепина_ЯМ,Gu2n4nWo
101,Ведищев Никита Георгиевич,365,7и,5,Ведищев_НГ,QYM0xpUT
102,Самчева Вероника Борисовна,287,10г,3,Самчева_ВБ,rQ87sDYa
103,Пирцхалова Карина Леонидовна,452,10г,5,Пирцхалова_КЛ,L8sd4F6t
104,Павлочев Денис Борисович,432,11д,5,Павлочев_ДБ,R8B5jvj5
105,Арашкова Екатерина Евгеньевна,356,8х,None,Арашкова_ЕЕ,qxHqoHNh
106,Байсарова Людмила Василевна,215,11и,2,Байсарова_ЛВ,VbkfAwqA
107,Кудекина Зинаида Игоревна,250,10и,3,Кудекина_ЗИ,cPcHz5yz
108,Дерналов Виталий Викторович,1,9г,4,Дерналов_ВВ,T3vktlYD
109,Сазинова Галина Романовна,61,9и,3,Сазинова_ГР,FJTkdeBJ
110,Остаченова Марина Эдуардовна,229,9т,5,Остаченова_МЭ,1Cvi3QxS
111,Битюкова Яна Егоровна,488,9и,4,Битюкова_ЯЕ,y5do6krq
112,Иваницкий Константин Борисович,232,8д,5,Иваницкий_КБ,o8zChEqZ
113,Белянский Владислав Игоревич,74,11б,5,Белянский_ВИ,c2aDEAEX
114,Баранкин Артём Алексеевич,382,9т,2,Баранкин_АА,m1A1okkJ
115,Шкабанова Софья Вадимовна,499,9х,4,Шкабанова_СВ,Kju5lNgQ
116,Полозлов Денис Адамович,155,8т,3,Полозлов_ДА,cWehOe4V
117,Жунина Светлана Михайловна,162,8в,3,Жунина_СМ,Aw4Wre47
118,Пантыкин Борис Игоревич,245,9х,2,Пантыкин_БИ,CLAX0aZ5
119,Доутова Марина Богдановна,189,11х,2,Доутова_МБ,ZZbaSVBb
120,Трещалова Яна Андреевна,330,8б,3,Трещалова_ЯА,zdS9gBbn
121,Ивашечкин Александр Данилович,390,10т,4,Ивашечкин_АД,2B8BeKVy
122,Мазьянова Инна Богдановна,416,11в,4,Мазьянова_ИБ,Q5FCfSRa
123,Корогев Николай Евгеньевич,184,8б,5,Корогев_НЕ,f8JTAh5Y
124,Заидова Галина Максимовна,88,9т,4,Заидова_ГМ,OU6QoH6e
125,Рамхин Кирилл Алексиевич,459,9х,4,Рамхин_КА,6biLUIPD
126,Кизбабаев Эдуард Фёдорович,415,11т,2,Кизбабаев_ЭФ,NwvkElmD
127,Соурчаков Ярослав Валериевич,268,8б,2,Соурчаков_ЯВ,xaScMuQp
128,Мотяшева Алена Михайловна,404,7т,2,Мотяшева_АМ,UZmopSJ3
129,Горшкова Наталия Яковлевна,340,11а,2,Горшкова_НЯ,tGsTCqrC
130,Зябрицкий Игорь Виталиевич,332,7а,5,Зябрицкий_ИВ,vs0hPE6L
131,Шельдяев Игорь Юриевич,97,7д,5,Шельдяев_ИЮ,fCzCBU6L
132,Шмелькин Максим Викторович,483,9т,5,Шмелькин_МВ,4jIQQLsa
133,Жалкин Алексей Алексеевич,43,7а,3,Жалкин_АА,T5agzrvR
134,Худасов Денис Максимович,70,10д,2,Худасов_ДМ,KVYxRJhi
135,Швичкова Наталья Эдуардовна,398,7г,4,Швичкова_НЭ,TXCWlLcK
136,Едская Жанна Валерьевна,436,11в,4,Едская_ЖВ,V1RmBPNS
137,Поморзина Полина Евгеньевна,122,7д,4,Поморзина_ПЕ,F9H79CyO
138,Будачева Кира Олеговна,55,11х,4,Будачева_КО,CN77ifpr
139,Молкаев Василий Валериевич,216,8д,2,Молкаев_ВВ,yCxL5K9n
140,Яцынин Константин Тимофеевич,285,7г,2,Яцынин_КТ,e8iTpf3m
141,Маховиков Василий Петрович,391,7х,4,Маховиков_ВП,xwGq0Iox
142,Шаметова Евгения Вадимовна,463,7а,2,Шаметова_ЕВ,LtND25SG
143,Законнова Жанна Евгеньевна,442,11и,None,Законнова_ЖЕ,iM7lrc2M
144,Перчихин Аркадий Тимофеевич,164,10т,3,Перчихин_АТ,gLcd6xYb
145,Бурдасова Ксения Игоревна,203,9а,3,Бурдасова_КИ,dbcY2UtU
146,Киссин Степан Иванович,251,7х,5,Киссин_СИ,1VJ3BzYm
147,Вапилина Мария Егоровна,77,7д,2,Вапилина_МЕ,vJIqbv9R
148,Сигутина Дарья Федоровна,458,7б,2,Сигутина_ДФ,5oVuYBgh
149,Сошьяков Альберт Фёдорович,17,7т,4,Сошьяков_АФ,ngYmx16w
150,Лугахина Клара Вадимовна,419,8в,4,Лугахина_КВ,AmkjbMDM
151,Логецкий Анатолий Виталиевич,372,11б,4,Логецкий_АВ,6YJT4ffQ
152,Ковайкова Юлия Егоровна,75,10г,2,Ковайкова_ЮЕ,AOBEh3PS
153,Вермутский Валерий Петрович,447,9и,5,Вермутский_ВП,00wlpDK6
154,Россомахов Олег Юриевич,56,8в,2,Россомахов_ОЮ,3lQWR1kQ
155,Циплакова Екатерина Егоровна,471,9б,5,Циплакова_ЕЕ,PSuEQW5x
156,Квятцева Алла Никитична,138,11в,2,Квятцева_АН,CXu1gFNY
157,Выхухолева Лариса Василевна,384,8б,5,Выхухолева_ЛВ,55rqXBQd
158,Целохов Андрей Вадимович,433,8и,5,Целохов_АВ,MpfFihUY
159,Бендин Иван Яковлевич,71,8и,4,Бендин_ИЯ,OXtHhCO9
160,Лазученков Василий Алексеевич,381,7х,2,Лазученков_ВА,Pejqov5y
161,Скоропухов Михаил Василиевич,69,10и,3,Скоропухов_МВ,HIqFx21f
162,Мухонкин Тарас Романович,126,9и,4,Мухонкин_ТР,yu2c4cfH
163,Камерцев Владимир Кириллович,303,7а,3,Камерцев_ВК,HISqCDqA
164,Сандрыкина Анна Олеговна,324,10т,2,Сандрыкина_АО,u4p5lOlD
165,Недбайлов Алексей Денисович,15,7т,2,Недбайлов_АД,vIWMmHo1
166,Серпков Ярослав Георгиевич,380,10б,4,Серпков_ЯГ,9vXtIXwi
167,Хатшуклов Аркадий Николаевич,42,11т,4,Хатшуклов_АН,OBCo31MH
168,Литвалиева Алиса Егоровна,10,11и,3,Литвалиева_АЕ,dcnZMstj
169,Енесина Лиза Валерьевна,293,9б,5,Енесина_ЛВ,uoHSOghn
170,Пикальков Эдуард Алексиевич,21,8д,5,Пикальков_ЭА,hlQlafZ5
171,Сачинский Валентин Кириллович,125,10т,2,Сачинский_ВК,qeJxNqmS
172,Тарзанова Евгения Аркадьевна,96,9д,2,Тарзанова_ЕА,vPZCRUel
173,Лапундин Юрий Игоревич,267,8и,5,Лапундин_ЮИ,YQ7Oxy2d
174,Личева Лиза Михайловна,453,9б,3,Личева_ЛМ,CuR78Pwq
175,Смароверов Яков Борисович,131,11в,4,Смароверов_ЯБ,LXFSLkSQ
176,Вереина Алла Василевна,295,10и,3,Вереина_АВ,lLhLfVdt
177,Погиблева Дарья Леонидовна,283,9в,5,Погиблева_ДЛ,2u1SBYmJ
178,Байнова Анастасия Вадимовна,363,7б,3,Байнова_АВ,xPD6tBv1
179,Шиловский Вячеслав Максимович,438,9и,4,Шиловский_ВМ,TgdrDBEU
180,Сыждиков Пётр Василиевич,494,11х,5,Сыждиков_ПВ,TxlnQRaF
181,Каценова Алёна Эдуардовна,165,11т,2,Каценова_АЭ,VynWUpu4
182,Мужицких Ева Олеговна,348,8х,3,Мужицких_ЕО,GeEUxWd9
183,Плеснецов Степан Юрьевич,22,10а,2,Плеснецов_СЮ,agawyNHD
184,Игумнова Алёна Сергеевна,114,9д,4,Игумнова_АС,JOSYGh2c
185,Хадаров Владимир Валериевич,278,11т,5,Хадаров_ВВ,9T2A8dYZ
186,Ступакова Кира Ивановна,421,8и,3,Ступакова_КИ,MPwWtHEW
187,Шоленинов Федор Максимович,286,11т,4,Шоленинов_ФМ,pjy9PAZK
188,Гундаров Руслан Николаевич,158,9д,4,Гундаров_РН,ZM7xQrA8
189,Гречишева Марина Андреевна,464,7д,2,Гречишева_МА,2ZGiaEYw
190,Утилова Алена Андреевна,253,11д,3,Утилова_АА,YgVFliEa
191,Роткичева Алиса Максимовна,410,10а,4,Роткичева_АМ,onqHtnz5
192,Колтышева Марина Вадимовна,87,11г,4,Колтышева_МВ,3g944pmA
193,Гурычева Лариса Валерьевна,489,9б,2,Гурычева_ЛВ,uaulvsNx
194,Горцева Кристина Никитична,246,8и,4,Горцева_КН,npKdIiJe
195,Кутурин Геннадий Денисович,197,9в,2,Кутурин_ГД,0L27gqf6
196,Стефанков Яков Евгеньевич,318,10г,3,Стефанков_ЯЕ,y7tsYQ4r
197,Множина Людмила Василевна,90,8б,2,Множина_ЛВ,JYvUjEqC
198,Семисалов Георгий Иванович,316,9в,3,Семисалов_ГИ,2YzIrG2z
199,Рогалов Альберт Валериевич,327,9б,2,Рогалов_АВ,HITBosNb
200,Черетаева Анастасия Олеговна,341,9б,2,Черетаева_АО,aNB9K0ak
201,Радоминова Любовь Игоревна,25,9и,5,Радоминова_ЛИ,gh8rJGf3
202,Шувырина Лиза Андреевна,395,9а,5,Шувырина_ЛА,3cVe42Pu
203,Калиженков Семён Алексеевич,401,11а,4,Калиженков_СА,3Bvu7uKA
204,Старокашин Константин Петрович,309,10а,3,Старокашин_КП,Ayo9NLLn
205,Малтоцов Аркадий Яковлевич,218,8а,3,Малтоцов_АЯ,howMnc6l
206,Кузеванова Ева Егоровна,116,7д,2,Кузеванова_ЕЕ,otKbdj5J
207,Нурулина Алёна Егоровна,284,9х,2,Нурулина_АЕ,emC3n6Aw
208,Лератов Герасим Сергеевич,374,10а,4,Лератов_ГС,6v3znTXZ
209,Людин Руслан Аркадиевич,498,7и,3,Людин_РА,QB4yboxj
210,Пурин Виктор Данилович,154,8и,5,Пурин_ВД,XKSnuyfo
211,Лютов Виктор Юрьевич,288,11г,2,Лютов_ВЮ,taFJGzqO
212,Марюшкина Яна Федоровна,345,10д,5,Марюшкина_ЯФ,uR9x2og9
213,Томилова Кристина Михайловна,492,11б,3,Томилова_КМ,4ukgRhvD
214,Дистерев Валерий Валериевич,24,7г,3,Дистерев_ВВ,xI5HCsgu
215,Дочкин Геннадий Алексиевич,52,11и,5,Дочкин_ГА,e8oLcowO
216,Иняхин Руслан Сергеевич,234,7и,5,Иняхин_РС,qFDD1WrP
217,Знайкова Раиса Егоровна,148,11х,3,Знайкова_РЕ,c34exaur
218,Кашавцев Аркадий Леонидович,58,7а,4,Кашавцев_АЛ,etVqtMjJ
219,Пятернина Кристина Андреевна,445,7и,2,Пятернина_КА,bHldtE5R
220,Гусеева Карина Викторовна,263,9и,2,Гусеева_КВ,lf8tTXqI
221,Кастева Яна Сергеевна,108,7и,2,Кастева_ЯС,3j1bGVAc
222,Гришанин Тарас Павлович,113,10т,2,Гришанин_ТП,MldRKoqv
223,Грамоткин Илья Викторович,195,8д,5,Грамоткин_ИВ,wNBKFj96
224,Мелисин Геннадий Василиевич,465,10г,2,Мелисин_ГВ,V4wQ7eXK
225,Цинина Светлана Яковлевна,105,11г,5,Цинина_СЯ,QeELXd2t
226,Петов Георгий Адамович,57,9а,2,Петов_ГА,QwbDr9kb
227,Реева Валентина Максимовна,146,11и,5,Реева_ВМ,j1uTZs5E
228,Слесивых Мария Аркадьевна,35,7и,5,Слесивых_МА,Dm022qzb
229,Афтаева Полина Ивановна,193,10д,5,Афтаева_ПИ,ZXIawwKO
230,Кривицкий Валентин Виталиевич,208,8х,5,Кривицкий_ВВ,0V2GqoSU
231,Чубатов Константин Леонидович,279,11а,4,Чубатов_КЛ,9WzSTxKb
232,Партенков Геннадий Павлович,418,8х,3,Партенков_ГП,bkJPt7YV
233,Черушев Григорий Борисович,84,7г,4,Черушев_ГБ,VOiuoDXL
234,Тютекин Георгий Тимофеевич,262,7а,2,Тютекин_ГТ,S4IdHCcu
235,Янкевский Вячеслав Адамович,167,11г,4,Янкевский_ВА,70GHDQfZ
236,Сухручкина Клавдия Аркадьевна,177,7в,4,Сухручкина_КА,9yHDbtkK
237,Конофалова Клара Петровна,95,11д,5,Конофалова_КП,8buOJAk0
238,Лигасов Михаил Павлович,491,11г,4,Лигасов_МП,8cRebeUe
239,Писарьков Альберт Игоревич,313,8в,4,Писарьков_АИ,OBgryPn5
240,Варов Кирилл Иванович,28,8а,5,Варов_КИ,OfuTy2zG
241,Пурынов Евгений Петрович,244,9и,3,Пурынов_ЕП,cIPL9GLo
242,Супрутская Вероника Викторовна,187,9а,2,Супрутская_ВВ,brTLfB0N
243,Скроцкая Алина Федоровна,127,8г,3,Скроцкая_АФ,svgNBP6q
244,Барадулин Вадим Юрьевич,281,11х,3,Барадулин_ВЮ,q6NimEpN
245,Точилин Дмитрий Фёдорович,476,8а,2,Точилин_ДФ,UO0q8yz8
246,Бикмуллин Руслан Валериевич,333,11т,2,Бикмуллин_РВ,npcPq3Kb
247,Серпичев Василий Алексиевич,394,10х,5,Серпичев_ВА,UdjYbN4I
248,Вострышев Яков Аркадиевич,343,8г,5,Вострышев_ЯА,AbgV8cCO
249,Грушчева София Евгеньевна,480,11в,None,Грушчева_СЕ,CJfNPImo
250,Кулапов Александр Юрьевич,109,9б,5,Кулапов_АЮ,3bTlwGcM
251,Чибисенков Владислав Фёдорович,375,8х,3,Чибисенков_ВФ,vNzJScIl
252,Утилов Роман Василиевич,254,9х,2,Утилов_РВ,Xqzzu4tC
253,Татаурова Галина Федоровна,145,10т,4,Татаурова_ГФ,YVKRhkgY
254,Визавитина Наталия Леонидовна,101,10г,2,Визавитина_НЛ,H6F6JveZ
255,Мягченков Артём Денисович,115,7б,4,Мягченков_АД,P5woQ2YQ
256,Брикова Инна Богдановна,256,9б,4,Брикова_ИБ,n88F2j6V
257,Наторкин Валентин Данилович,319,7и,2,Наторкин_ВД,ElRvxU38
258,Эштрекова Софья Алексеевна,76,9в,3,Эштрекова_СА,x3vF9bHH
259,Кутаманова Кира Андреевна,182,10т,2,Кутаманова_КА,E9B1fzVC
260,Кыштымова Евгения Эдуардовна,255,8в,5,Кыштымова_ЕЭ,fg6Fn7Ep
261,Ккнязева Клавдия Дмитриевна,34,7б,5,Ккнязева_КД,dFs4djWQ
262,Глаголина Алиса Никитична,249,9д,2,Глаголина_АН,FACwf66Z
263,Рисина Раиса Валерьевна,451,10а,4,Рисина_РВ,JHmLdnrX
264,Ребров Алексей Георгиевич,289,8и,3,Ребров_АГ,qO8y3rcs
265,Вырысалова Александра Евгеньевна,39,11и,2,Вырысалова_АЕ,EbRgKH5g
266,Гомольский Владимир Юриевич,314,11х,5,Гомольский_ВЮ,iM4YBbvr
267,Швинова Марина Федоровна,271,8г,5,Швинова_МФ,eZzUfZwY
268,Рудковская Инна Дмитриевна,6,7т,3,Рудковская_ИД,3xU9jmEy
269,Решеткина Дарья Василевна,408,10и,3,Решеткина_ДВ,iMdJwiws
270,Евстихеев Игорь Василиевич,422,10х,5,Евстихеев_ИВ,g9mdSa9X
271,Лазарина Алёна Федоровна,161,8б,3,Лазарина_АФ,XIPWr9C5
272,Гляченков Григорий Николаевич,431,10а,5,Гляченков_ГН,RtBwyqJ9
273,Чардынцева Алина Вадимовна,135,10д,3,Чардынцева_АВ,W1TVBdtQ
274,Скаредов Яков Иванович,337,9т,5,Скаредов_ЯИ,IFxIoPaT
275,Юрицкий Эдуард Денисович,192,7д,3,Юрицкий_ЭД,OqsqizkO
276,Кравчина Светлана Аркадьевна,413,11г,5,Кравчина_СА,HOYELzhC
277,Чмареткова Полина Вадимовна,449,10а,2,Чмареткова_ПВ,TwHVvvCi
278,Углова Галина Романовна,260,9г,3,Углова_ГР,0fm1mB3e
279,Згуровская Виктория Андреевна,220,9т,4,Згуровская_ВА,uOmvqnrv
280,Секерский Станислав Сергеевич,235,10а,4,Секерский_СС,4gVSotCS
281,Жевайкин Евгений Адамович,86,11г,3,Жевайкин_ЕА,UEv0iXtO
282,Коточигов Семён Игоревич,26,9д,5,Коточигов_СИ,jXVCakKT
283,Калонин Альберт Денисович,297,8б,2,Калонин_АД,TTdRJCLP
284,Валягин Григорий Антонович,94,10в,4,Валягин_ГА,oA2B68RN
285,Коцева Кристина Николаевна,412,9г,3,Коцева_КН,9ahdpMcD
286,Голина Кристина Максимовна,3,7х,3,Голина_КМ,6eizXvrv
287,Батрамеев Анатолий Романович,354,9х,3,Батрамеев_АР,JCAmWfV5
288,Чикмарев Валентин Валериевич,306,9и,5,Чикмарев_ВВ,ouMUdO8L
289,Киницына Валерия Олеговна,202,7х,4,Киницына_ВО,CXpePZ1W
290,Числин Юрий Денисович,121,7в,2,Числин_ЮД,1D4zEG4S
291,Стебунова Юлия Романовна,358,9т,3,Стебунова_ЮР,6Z75tQdQ
292,Кацов Павел Павлович,236,10г,5,Кацов_ПП,Tl9nZEMK
293,Гоцев Тарас Викторович,41,8в,3,Гоцев_ТВ,NtriaJM7
294,Мотовицкий Роман Аркадиевич,31,11и,5,Мотовицкий_РА,wC0ZHWE3
295,Чурзина Клара Егоровна,308,10б,3,Чурзина_КЕ,kfrnCFXK
296,Щепалкина Валерия Сергеевна,134,9б,4,Щепалкина_ВС,AjxR5yal
297,Утимишев Ярослав Игоревич,239,11а,3,Утимишев_ЯИ,7H3m4XiJ
298,Алуханов Кирилл Фёдорович,298,7т,2,Алуханов_КФ,FeWLx3JM
299,Полунеев Валентин Валериевич,307,8и,2,Полунеев_ВВ,PAFngqWq
300,Крупенова Наталия Андреевна,209,7в,5,Крупенова_НА,Ecsa0zLq
301,Корнюшин Илья Юрьевич,44,10т,3,Корнюшин_ИЮ,Tjqww4tv
302,Паушева Виолетта Никитична,310,8г,4,Паушева_ВН,JwddAsdy
303,Берзин Герасим Антонович,349,11т,5,Берзин_ГА,xDnBUKMX
304,Шулунова Алла Алексеевна,54,7д,4,Шулунова_АА,MnigxTOX
305,Трепашова София Яковлевна,399,11а,2,Трепашова_СЯ,319DXXTz
306,Чумейкин Константин Антонович,8,8б,5,Чумейкин_КА,NeaZxIk6
307,Польшиков Денис Игоревич,495,9и,2,Польшиков_ДИ,PxC2P6oY
308,Медоусова Жанна Романовна,252,7б,2,Медоусова_ЖР,YHLI91QM
309,Акуратова Клавдия Андреевна,92,9г,5,Акуратова_КА,FPGv8tyF
310,Курмеева Елизавета Валерьевна,486,8а,5,Курмеева_ЕВ,VB87323R
311,Бадов Александр Аркадиевич,217,10г,3,Бадов_АА,RyECht4H
312,Бакушин Эдуард Адамович,265,7б,5,Бакушин_ЭА,biIebXTe
313,Чебина Инна Сергеевна,273,10т,2,Чебина_ИС,UKQTP3A0
314,Подледнова Наталья Ивановна,112,11и,3,Подледнова_НИ,cOhSzpgq
315,Садгеева Лиза Евгеньевна,460,11г,3,Садгеева_ЛЕ,fqfud03r
316,Акушин Борис Павлович,493,9т,2,Акушин_БП,LYrslOtP
317,Аришев Руслан Кириллович,379,10т,3,Аришев_РК,QKCrE8OZ
318,Гуслова Кристина Олеговна,389,9в,2,Гуслова_КО,U43tG6aY
319,Глоточкина Оксана Аркадьевна,370,9и,5,Глоточкина_ОА,gLcsrV3V
320,Шапина Маргарита Романовна,163,8б,5,Шапина_МР,QUa2KrbC
321,Дурылин Георгий Валериевич,261,11т,4,Дурылин_ГВ,SPCZLkhQ
322,Болкисева Анна Викторовна,248,7х,4,Болкисева_АВ,MMMLjsdS
323,Багапов Вячеслав Сергеевич,99,7д,4,Багапов_ВС,GNa6HHI6
324,Люцарева Яна Аркадьевна,376,11б,2,Люцарева_ЯА,SGTwNm4Y
325,Боготынина София Егоровна,63,11б,5,Боготынина_СЕ,Ffph4zkN
326,Саюшкин Игорь Алексиевич,211,11х,5,Саюшкин_ИА,tKTKYlqk
327,Потешных Тамара Николаевна,468,11в,3,Потешных_ТН,6StVnytQ
328,Незлина Жанна Василевна,426,8б,5,Незлина_ЖВ,0w78Pf8M
329,Федичева Вероника Кирилловна,37,7х,4,Федичева_ВК,dreaPq8w
330,Пустынкин Вадим Антонович,388,10в,5,Пустынкин_ВА,H0PJjAcv
331,Аринакова Ирина Михайловна,150,8в,5,Аринакова_ИМ,AsuKxDTA
332,Обиралкова Мария Егоровна,294,11т,5,Обиралкова_МЕ,D2yS4yBC
333,Аристарова Валентина Максимовна,443,11г,2,Аристарова_ВМ,EGd4a4Sb
334,Яуров Герасим Юрьевич,38,9а,5,Яуров_ГЮ,74uXGtZe
335,Духонькин Вячеслав Фёдорович,2,9в,4,Духонькин_ВФ,Xl8yqwRb
336,Гвасков Евгений Михаилович,402,9в,5,Гвасков_ЕМ,qOfG5Ol0
337,Жабынина Галина Николаевна,185,7х,5,Жабынина_ГН,27SkO6Uf
338,Шерюкова Виолетта Романовна,440,9б,4,Шерюкова_ВР,iQlXqFjK
339,Колокатов Пётр Евгеньевич,484,10в,3,Колокатов_ПЕ,jJgV8Fjs
340,Шайдуков Андрей Михаилович,317,9и,4,Шайдуков_АМ,8vAoMyLm
341,Смирнягина Дарья Игоревна,425,10в,4,Смирнягина_ДИ,CyTonacj
342,Штырева Ева Олеговна,258,11и,2,Штырева_ЕО,gZfZRq0Y
343,Ашукин Вячеслав Михаилович,191,10т,4,Ашукин_ВМ,5As1Dt1O
344,Рубченкова Галина Алексеевна,190,9в,3,Рубченкова_ГА,AnnlbnZM
345,Зархин Иван Алексиевич,478,11и,5,Зархин_ИА,FeIkZOgv
346,Адиотов Дмитрий Павлович,156,7б,3,Адиотов_ДП,cv7B9Jpg
347,Тищенкова Раиса Валерьевна,79,7д,3,Тищенкова_РВ,JOZRQ3Rt
348,Лозеев Илья Петрович,205,10д,2,Лозеев_ИП,Dzl1JsQV
349,Кобяшов Герасим Михаилович,305,11т,2,Кобяшов_ГМ,7XWyt39k
350,Ронова Клавдия Валерьевна,107,7и,4,Ронова_КВ,5xMrCX7V
351,Стрижнов Алексей Евгеньевич,385,11г,3,Стрижнов_АЕ,wO2P9BEM
352,Волынский Алексей Виталиевич,362,11т,5,Волынский_АВ,DcbmdajO
353,Машонский Василий Данилович,23,9д,5,Машонский_ВД,OFFzFBF5
354,Буриева Зинаида Аркадьевна,104,11д,4,Буриева_ЗА,iG6roCrf
355,Борщина Алёна Ивановна,377,11а,5,Борщина_АИ,ito1xcM1
356,Белчков Олег Иванович,275,10а,4,Белчков_ОИ,Rsar3rZh
357,Остропиков Альберт Данилович,157,8г,2,Остропиков_АД,I5WpJPOk
358,Оргонова Любовь Максимовна,264,7б,4,Оргонова_ЛМ,1Dl4T59G
359,Мальков Юрий Евгеньевич,228,7г,3,Мальков_ЮЕ,fPmMcSew
360,Свльхова Наталья Вадимовна,160,9т,5,Свльхова_НВ,SpE9Aytf
361,Мякушков Герасим Леонидович,102,10т,3,Мякушков_ГЛ,9lN2ebI1
362,Межуев Георгий Юриевич,355,8г,4,Межуев_ГЮ,G3gkujZ8
363,Чериншев Александр Сергеевич,439,8а,2,Чериншев_АС,xGNeoTos
364,Муниров Алексей Андреевич,117,11г,3,Муниров_АА,QQYHsPKN
365,Климухин Руслан Романович,269,10в,3,Климухин_РР,daxFWAmo
366,Дембская Екатерина Никитична,64,11б,4,Дембская_ЕН,GM6dTTde
367,Тюнеев Яков Фёдорович,417,10т,2,Тюнеев_ЯФ,lGd1x86l
368,Трушитин Антон Данилович,168,9х,3,Трушитин_АД,dGuspbwt
369,Балакишиев Роман Алексиевич,143,11х,5,Балакишиев_РА,H8Qe6PUC
370,Немтюрева Валерия Аркадьевна,12,10г,4,Немтюрева_ВА,XD3D0xtC
371,Складанова Клавдия Аркадьевна,257,9а,3,Складанова_КА,BJPoYtek
372,Заходина Полина Леонидовна,93,10д,4,Заходина_ПЛ,8QwZGxHF
373,Муринов Анатолий Борисович,171,11б,5,Муринов_АБ,jqQrwWpf
374,Гришалова Любовь Евгеньевна,301,8т,3,Гришалова_ЛЕ,pZmwLae3
375,Ситчихин Станислав Георгиевич,247,8т,5,Ситчихин_СГ,K6MGPIAO
376,Просяных Георгий Василиевич,366,9в,2,Просяных_ГВ,5Du7hKrv
377,Дзабиев Григорий Георгиевич,259,11д,5,Дзабиев_ГГ,1nPljbkz
378,Рыбаулин Григорий Алексеевич,140,11а,5,Рыбаулин_ГА,h1l8cNIw
379,Тупиева Екатерина Ивановна,400,7д,2,Тупиева_ЕИ,8AZSzAYT
380,Куверчева Алена Ивановна,170,10д,3,Куверчева_АИ,dN0jKTKj
381,Цаблинова Виктория Богдановна,342,9г,4,Цаблинова_ВБ,9aUL25DA
382,Синенков Григорий Леонидович,230,9в,5,Синенков_ГЛ,VJdenkXd
383,Лизункин Артур Олегович,4,11в,5,Лизункин_АО,vtPcZWrw
384,Славущева Александра Эдуардовна,81,8а,5,Славущева_АЭ,Tj5O299k
385,Шахвердов Дмитрий Антонович,132,11б,2,Шахвердов_ДА,i2FNfEQB
386,Рапацкая Ольга Ивановна,223,10г,3,Рапацкая_ОИ,3JAfyLlL
387,Сторокожев Виталий Аркадиевич,159,9б,2,Сторокожев_ВА,9JyOulqc
388,Половодов Кирилл Николаевич,18,8т,5,Половодов_КН,LoRihC7N
389,Халтанова Алена Дмитриевна,49,8б,3,Халтанова_АД,ev8QXDdB
390,Заложнев Роман Фёдорович,448,8в,4,Заложнев_РФ,jQoq3qLP
391,Рыжих Кристина Аркадьевна,213,7а,4,Рыжих_КА,OHC1bEeB
392,Буров Руслан Игоревич,405,11и,5,Буров_РИ,ARu13Mjm
393,Гачков Виталий Евгеньевич,277,9т,4,Гачков_ВЕ,AReCFPs1
394,Кадилов Геннадий Борисович,225,10в,3,Кадилов_ГБ,ZaFbfW4l
395,Гликина Алёна Эдуардовна,454,9б,3,Гликина_АЭ,ZVpO27Xo
396,Ичкинина Любовь Андреевна,299,8г,5,Ичкинина_ЛА,JjJlxvAh
397,Мозшорина Кира Дмитриевна,65,8б,3,Мозшорина_КД,VSlea2cG
398,Брижеватов Константин Борисович,152,11т,2,Брижеватов_КБ,rBa7hPGw
399,Бучеров Тарас Викторович,429,10д,4,Бучеров_ТВ,ylHypp6x
400,Мисютина Валерия Эдуардовна,368,9г,2,Мисютина_ВЭ,1xmiMLgy
401,Льянов Федор Вадимович,328,8а,4,Льянов_ФВ,a9IdsZt0
402,Щуркин Георгий Яковлевич,180,8в,4,Щуркин_ГЯ,wfYVJkfI
403,Акулин Федор Адамович,241,10г,4,Акулин_ФА,VViZabbA
404,Волженкова Екатерина Ивановна,233,9д,4,Волженкова_ЕИ,a1i9v5ph
405,Махометова София Викторовна,424,8и,3,Махометова_СВ,Fav8YWbd
406,Зызлов Геннадий Антонович,274,7в,3,Зызлов_ГА,0midcGpb
407,Девляшова Кира Олеговна,51,11д,5,Девляшова_КО,Ta6ipA8o
408,Яковкина Алена Никитична,320,9т,5,Яковкина_АН,GifTtZAQ
409,Бузулев Вадим Николаевич,331,10д,3,Бузулев_ВН,9hTzWWqv
410,Ганельский Юрий Юриевич,474,9д,3,Ганельский_ЮЮ,f0K9fRUb
411,Шкапрова Ева Ивановна,371,7б,5,Шкапрова_ЕИ,y6JpyX3w
412,Чичирин Владимир Георгиевич,11,10а,4,Чичирин_ВГ,qokdtWEq
413,Шилова Надежда Викторовна,124,9б,2,Шилова_НВ,Q2zgXJW8
414,Коваев Руслан Михаилович,487,9т,3,Коваев_РМ,kta5ATbL
415,Саверина Надежда Андреевна,407,11б,4,Саверина_НА,SBLZbQzB
416,Тишанкин Олег Адамович,334,9д,3,Тишанкин_ОА,NEXvlHeu
417,Широпаев Валерий Сергеевич,406,9б,2,Широпаев_ВС,W7IokEWD
418,Щепанин Олег Адамович,226,7а,3,Щепанин_ОА,HABIt618
419,Оплетин Владислав Аркадиевич,361,10х,4,Оплетин_ВА,eBqJuYIC
420,Оденова Карина Андреевна,409,8и,4,Оденова_КА,ec0FZmHE
421,Семагин Альберт Андреевич,456,10х,4,Семагин_АА,FVnxguo0
422,Черданцева Анастасия Олеговна,128,8х,3,Черданцева_АО,axE4SNU0
423,Лонцова Елизавета Эдуардовна,224,7х,3,Лонцова_ЕЭ,eLvrvdzx
424,Сарсекеева Алёна Никитична,462,11и,4,Сарсекеева_АН,pRuM7uun
425,Аковецкий Антон Евгеньевич,500,8б,4,Аковецкий_АЕ,a3vGBylW
426,Аратский Станислав Борисович,351,9и,2,Аратский_СБ,C0zIyHc2
427,Чужриков Пётр Денисович,200,9в,3,Чужриков_ПД,eYHvwsOa
428,Никитшин Алексей Кириллович,111,11и,3,Никитшин_АК,NAHudfEY
429,Симендяев Василий Алексиевич,45,8д,4,Симендяев_ВА,NvXGBAfu
430,Ошитков Максим Сергеевич,151,10г,4,Ошитков_МС,CznYNUpt
431,Юрасов Евгений Романович,338,9и,3,Юрасов_ЕР,uQQsEh6u
432,Головяшин Павел Юриевич,179,7г,5,Головяшин_ПЮ,j0XOkBWd
433,Манжурина Екатерина Сергеевна,219,7т,3,Манжурина_ЕС,Hq0iOlHH
434,Никурашин Олег Евгеньевич,291,11х,2,Никурашин_ОЕ,rseTMPdo
435,Бехтерев Федор Вадимович,137,9х,3,Бехтерев_ФВ,1ZtI7ZeH
436,Годлевская Катерина Дмитриевна,403,11г,3,Годлевская_КД,75EGqAOm
437,Акиярова Алина Эдуардовна,9,11а,4,Акиярова_АЭ,GmIOvjj4
438,Милина Алена Петровна,359,8г,3,Милина_АП,p8dDOd8b
439,Воловин Борис Викторович,350,7т,2,Воловин_БВ,4jx11kmq
440,Туморина Ксения Федоровна,133,8б,5,Туморина_КФ,8WyYwtDj
441,Желейков Вячеслав Яковлевич,199,8г,3,Желейков_ВЯ,qEb5WYzf
442,Шишорнина Екатерина Алексеевна,183,8т,3,Шишорнина_ЕА,CP6mvbzj
443,Юумогулова Виолетта Игоревна,311,10х,3,Юумогулова_ВИ,PlHjaa16
444,Рецков Денис Денисович,85,10д,2,Рецков_ДД,nHpE3vJT
445,Химунина Елизавета Ивановна,392,7д,2,Химунина_ЕИ,5Ynm5wQk
446,Кобрянов Александр Алексиевич,455,7т,2,Кобрянов_АА,7woYBmWg
447,Бирылов Тарас Данилович,243,11а,3,Бирылов_ТД,F58GTYRc
448,Туфатулин Ярослав Леонидович,485,8х,4,Туфатулин_ЯЛ,XFwdk1rt
449,Долбишев Николай Аркадиевич,292,10б,5,Долбишев_НА,Y9IH9HMF
450,Махтумова Алёна Эдуардовна,186,10б,4,Махтумова_АЭ,gwyFlGq7
451,Нарзаркин Алексей Романович,423,10т,2,Нарзаркин_АР,6cgC7B5s
452,Куранина Алена Леонидовна,196,9б,4,Куранина_АЛ,8VGlFHoa
453,Ситюков Аркадий Евгеньевич,32,10в,3,Ситюков_АЕ,XzwBNJHj
454,Мизюрова Алиса Никитична,176,7г,4,Мизюрова_АН,YCHiVANU
455,Пандурова Алиса Дмитриевна,130,9б,2,Пандурова_АД,ppBHTeM1
456,Жилейкин Борис Тимофеевич,91,7в,2,Жилейкин_БТ,RnjNuUBD
457,Корпункова Виолетта Сергеевна,83,11а,3,Корпункова_ВС,DXQmKi8Z
458,Пашохонова Анастасия Федоровна,467,9в,4,Пашохонова_АФ,civYdyuF
459,Сузальцева Тамара Михайловна,357,8х,4,Сузальцева_ТМ,7C4xBlqc
460,Чиличкина Светлана Яковлевна,5,8в,5,Чиличкина_СЯ,r4ZUkGHB
461,Шантыкова Карина Максимовна,198,10д,3,Шантыкова_КМ,G2djqpQc
462,Недосекин Владислав Яковлевич,457,10а,4,Недосекин_ВЯ,Y3tMtVut
463,Максимкин Федор Фёдорович,172,10г,2,Максимкин_ФФ,jkmDh7WO
464,Матбиюшина Виктория Игоревна,237,8д,2,Матбиюшина_ВИ,mOVLfkoV
465,Шишкунов Герасим Юрьевич,110,8т,4,Шишкунов_ГЮ,Qpoi3vC4
466,Сухинин Георгий Алексиевич,475,10х,4,Сухинин_ГА,yltZNY7a
467,Бисеева Полина Романовна,48,7д,5,Бисеева_ПР,2NpBPNWa
468,Жукулов Михаил Денисович,60,11г,3,Жукулов_МД,6sfpqvBi
469,Тоняев Герасим Петрович,378,9т,5,Тоняев_ГП,oih8IsOd
470,Шушенкова Алёна Олеговна,36,7и,2,Шушенкова_АО,zNgtLEVR
471,Разроев Дмитрий Павлович,59,9а,2,Разроев_ДП,TR4cEVFF
472,Баззаев Анатолий Данилович,339,9д,2,Баззаев_АД,U2ce5Dsn
473,Цекова Алла Олеговна,50,8д,2,Цекова_АО,sUVS67UD
474,Аборонова Алиса Алексеевна,444,7г,5,Аборонова_АА,JNUzOm6G
475,Ягловская Ева Олеговна,181,8в,4,Ягловская_ЕО,WnhzD0n4
476,Шароварова Яна Романовна,175,8а,4,Шароварова_ЯР,jj7kOgU4
477,Общев Яков Викторович,466,8а,4,Общев_ЯВ,RRwRa7qf
478,Ойзерская Катерина Эдуардовна,120,7х,2,Ойзерская_КЭ,pWeo1faH
479,Прусский Ярослав Иванович,479,11б,2,Прусский_ЯИ,k2pGiGLi
480,Лабинов Павел Алексеевич,272,7б,5,Лабинов_ПА,onMDJ4ks
481,Покровов Эдуард Павлович,312,8б,2,Покровов_ЭП,DRUhqLQY
482,Мачехин Эдуард Данилович,19,7д,3,Мачехин_ЭД,956fmKjn
483,Кодорская Раиса Ивановна,27,11б,3,Кодорская_РИ,3FroExjl
484,Кондраева Марина Ивановна,469,9д,3,Кондраева_МИ,1VFqFE8h
485,Бульенков Валентин Иванович,136,10т,4,Бульенков_ВИ,4G2G1VbY
486,Тагакова Вероника Яковлевна,393,8т,4,Тагакова_ВЯ,Pq45AFAW
487,Гершанова Любовь Евгеньевна,383,11т,5,Гершанова_ЛЕ,EUMwIBOC
488,Салина Алена Егоровна,73,11в,5,Салина_АЕ,O4YfknVP
489,Фрумова Зинаида Аркадьевна,78,8а,4,Фрумова_ЗА,exhWDtQR
490,Хорняков Борис Борисович,13,8г,2,Хорняков_ББ,NXWsPLx2
491,Гдагазина Лиза Василевна,212,9т,5,Гдагазина_ЛВ,V1nvyRZy
492,Агаршев Ярослав Михаилович,276,9т,2,Агаршев_ЯМ,xRMwrA7T
493,Корюшин Пётр Антонович,326,8х,2,Корюшин_ПА,icBf7PLp
494,Калаев Пётр Алексиевич,68,8а,3,Калаев_ПА,A0txsaBT
495,Ккаталкина Виолетта Егоровна,53,7б,2,Ккаталкина_ВЕ,NnEycKaf
496,Рачнов Герасим Алексеевич,103,10а,5,Рачнов_ГА,gKZvteZq
497,Миндубаева Людмила Леонидовна,477,11и,2,Миндубаева_ЛЛ,6cnNqRH0
498,Агафьева Вера Ивановна,352,11х,3,Агафьева_ВИ,4CLuzSng
499,Житин Эдуард Адамович,481,9а,5,Житин_ЭА,gnCoG4jQ
